title,performer_names,performer_furiganas,directory_path
コモモ モモミルク,こもも,,./komomo/こもも/コモモ モモミルク
もえもえはっぴ〜,もえな,,./moena/もえな/もえもえはっぴ〜
ミスアテナ 2012 VOL.3,安藤穂乃果,,./ando_honoka/安藤穂乃果/ミスアテナ 2012 VOL.3
imouto.tv,荒井暖菜,,./arai_haruna/荒井暖菜/imouto.tv
夏の日の少女,荒井暖菜,,./arai_haruna/荒井暖菜/夏の日の少女
天真爛漫,荒井暖菜,,./arai_haruna/荒井暖菜/天真爛漫
純情ロマンチカ,荒井暖菜,,./arai_haruna/荒井暖菜/純情ロマンチカ
僕の太陽,荒井暖菜,,./arai_haruna/荒井暖菜/僕の太陽
暖菜の課外授業 ～Vol.38～,荒井暖菜,,./arai_haruna/荒井暖菜/暖菜の課外授業 ～Vol.38～
しまコレ 〜しましまコレクション 後藤聖良,後藤聖良,,./goto_seira/後藤聖良/しまコレ 〜しましまコレクション 後藤聖良
ピンクマーメイド,飯沼朱李,,./iinuma_akari/飯沼朱李/ピンクマーメイド
りおな新体操,井坂里緒菜,,./isaka_riona/井坂里緒菜/りおな新体操
ピュアローズ Vol.06,神条れいか,,./kamijo_reika/神条れいか/ピュアローズ Vol.06
ニーハイコレクション 〜絶対領域〜,河合真由,,./kawai_mayu/河合真由/ニーハイコレクション 〜絶対領域〜
純真無垢 〜ホワイトレーベル〜 河合真由 Part2,河合真由,,./kawai_mayu/河合真由/純真無垢 〜ホワイトレーベル〜 河合真由 Part2
転校生,河合真由,,./kawai_mayu/河合真由/転校生
夏少女 Part2,河合真由,,./kawai_mayu/河合真由/夏少女 Part2
天真爛漫 Part3,河合真由,,./kawai_mayu/河合真由/天真爛漫 Part3
川野りあ Part4,川野りあ,,./kawano_ria/川野りあ/川野りあ Part4
いただきまったりん,北村真珠,,./kitamura_mami/北村真珠/いただきまったりん
VISITOR,近藤あさみ,,./kondo_asami/近藤あさみ/VISITOR
しまコレ しましまコレクション,黒宮れい,,./kuromiya_rei/黒宮れい/しまコレ しましまコレクション
純心無垢 特別編 〜アニま〜る〜,黒宮れい,,./kuromiya_rei/黒宮れい/純心無垢 特別編 〜アニま〜る〜
いもうと目線 れいとふたりっきり Part4,黒宮れい,,./kuromiya_rei/黒宮れい/いもうと目線 れいとふたりっきり Part4
天真爛漫,黒宮れい,,./kuromiya_rei/黒宮れい/天真爛漫
純真無垢 〜ホワイトレーベル〜 メイキング編,牧原あゆ,,./makihara_ayu/牧原あゆ/純真無垢 〜ホワイトレーベル〜 メイキング編
独占!,牧原あゆ,,./makihara_ayu/牧原あゆ/独占!
ふたり,牧原あゆ,,./makihara_ayu/牧原あゆ/ふたり
ニーハイコレクション 〜絶対領域〜,牧原あゆ,,./makihara_ayu/牧原あゆ/ニーハイコレクション 〜絶対領域〜
ニーハイコレクション 〜絶対領域〜 牧原あゆ Part2,牧原あゆ,,./makihara_ayu/牧原あゆ/ニーハイコレクション 〜絶対領域〜 牧原あゆ Part2
純真無垢 〜ホワイトレーベル〜 Part13,牧原あゆ,,./makihara_ayu/牧原あゆ/純真無垢 〜ホワイトレーベル〜 Part13
あゆ日和 Part2,牧原あゆ,,./makihara_ayu/牧原あゆ/あゆ日和 Part2
ニーハイコレクション 〜絶対領域〜 源結菜 Part2,源結菜,,./minamoto_yuina/源結菜/ニーハイコレクション 〜絶対領域〜 源結菜 Part2
ふたり。,源結菜,,./minamoto_yuina/源結菜/ふたり。
夏少女 Part2,源結菜,,./minamoto_yuina/源結菜/夏少女 Part2
ないしょのあすか,宮田飛鳥,,./miyata_asuka/宮田飛鳥/ないしょのあすか
あすか&ロマンス,宮田飛鳥,,./miyata_asuka/宮田飛鳥/あすか&ロマンス
あすかMagic,宮田飛鳥,,./miyata_asuka/宮田飛鳥/あすかMagic
ゆりゆり,宮田飛鳥,,./miyata_asuka/宮田飛鳥/ゆりゆり
ドレミファそら,みずのそら,,./mizuno_sora/みずのそら/ドレミファそら
そらちゃん、かわいすぎ!,みずのそら,,./mizuno_sora/みずのそら/そらちゃん、かわいすぎ!
そらを見たかい,みずのそら,,./mizuno_sora/みずのそら/そらを見たかい
そらと飛べるはず,みずのそら,,./mizuno_sora/みずのそら/そらと飛べるはず
君の名はそら,みずのそら,,./mizuno_sora/みずのそら/君の名はそら
そらそらスキップ,みずのそら,,./mizuno_sora/みずのそら/そらそらスキップ
みずのそら Premium Blu-ray BOX,みずのそら,,./mizuno_sora/みずのそら/みずのそら Premium Blu-ray BOX
P-sky,みずのそら,,./mizuno_sora/みずのそら/P-sky
まいウェイ,森下真依,,./morishita_mai/森下真依/まいウェイ
月と太陽,森下真依,,./morishita_mai/森下真依/月と太陽
ひまり・マリ・マリ!,新倉ひまり,,./niikura_himari/新倉ひまり/ひまり・マリ・マリ!
片思いHimary,新倉ひまり,,./niikura_himari/新倉ひまり/片思いHimary
Thousands God!,新倉ひまり,,./niikura_himari/新倉ひまり/Thousands God!
ランドセルが邪魔をする,新倉ひまり,,./niikura_himari/新倉ひまり/ランドセルが邪魔をする
ひまりからWonderland,新倉ひまり,,./niikura_himari/新倉ひまり/ひまりからWonderland
しまコレ 〜しましまコレクション〜,西野小春,,./nishino_koharu/西野小春/しまコレ 〜しましまコレクション〜
ニーハイコレクション 〜絶対領域〜 緒方瞳 Part2,緒方瞳,,./ogata_hitomi/緒方瞳/ニーハイコレクション 〜絶対領域〜 緒方瞳 Part2
ページワン,小沢岬,,./ozawa_misaki/小沢岬/ページワン
ニーハイコレクション 〜絶対領域〜 桜あいり Part3,桜あいり,,./sakura_airi/桜あいり/ニーハイコレクション 〜絶対領域〜 桜あいり Part3
ニーハイコレクション 〜絶対領域〜 桜あいり Part4,桜あいり,,./sakura_airi/桜あいり/ニーハイコレクション 〜絶対領域〜 桜あいり Part4
kawaii,佐々木みゆう,,./sasaki_miyuu/佐々木みゆう/kawaii
純心美少女,佐々木みゆう,,./sasaki_miyuu/佐々木みゆう/純心美少女
みゆうの課外授業 〜Vol.3〜,佐々木みゆう,,./sasaki_miyuu/佐々木みゆう/みゆうの課外授業 〜Vol.3〜
メルト,佐々木みゆう,,./sasaki_miyuu/佐々木みゆう/メルト
スクール水着Annual,しほの涼,,./shihono_ryo/しほの涼/スクール水着Annual
ランランみらん,清水美蘭,,./shimizu_miran/清水美蘭/ランランみらん
ススメ! みらん,清水美蘭,,./shimizu_miran/清水美蘭/ススメ! みらん
少女のプリズム,清水美蘭,,./shimizu_miran/清水美蘭/少女のプリズム
ぜ〜んぶ競泳水着だよっ!!,末永みゆ,,./suenaga_miyu/末永みゆ/ぜ〜んぶ競泳水着だよっ!!
十人十色,山田レイナ,,./yamada_reina/山田レイナ/十人十色
美少女学園 Vol.60 10 後編 山田レイナ,山田レイナ,,./yamada_reina/山田レイナ/美少女学園 Vol.60 10 後編 山田レイナ
上からりかこ,山田りかこ,,./yamada_rikako/山田りかこ/上からりかこ
山田りかこと、おうちデータ vol.1,山田りかこ,,./yamada_rikako/山田りかこ/山田りかこと、おうちデータ vol.1
花鳥風月 〜Neoホワイトレーベル〜,山中知恵,,./yamanaka_tomoe/山中知恵/花鳥風月 〜Neoホワイトレーベル〜
花鳥風月,山中知恵,,./yamanaka_tomoe/山中知恵/花鳥風月
現役女子高生グラビア,結城夏那,,./yuki_kana/結城夏那/現役女子高生グラビア
美少女学園 Vol.62,結城夏那,,./yuki_kana/結城夏那/美少女学園 Vol.62
もももも Vol.37,田中美鈴,,./tanaka_misuzu/田中美鈴/もももも Vol.37
ぷりぷりたまご vol.30 みすずちゃん,田中美鈴,,./tanaka_misuzu/田中美鈴/ぷりぷりたまご vol.30 みすずちゃん
もももも vol.58 みすずちゃん 後編,田中美鈴,,./tanaka_misuzu/田中美鈴/もももも vol.58 みすずちゃん 後編
もももも Vol.51,田中美鈴,,./tanaka_misuzu/田中美鈴/もももも Vol.51
明日香のTないと~,泉明日香,,./izumi_asuka/泉明日香/明日香のTないと~
明日香のTないと,泉明日香,,./izumi_asuka/泉明日香/明日香のTないと
純真無垢 〜ホワイトレーベル〜 西野花恋 Part2,西野花恋,,./nishino_karen/西野花恋/純真無垢 〜ホワイトレーベル〜 西野花恋 Part2
ユリ10歳,中山ユリ,,./nakayama_yuri/中山ユリ/ユリ10歳
なちゅもも とっておきの未公開秘蔵映像,小林桃華,,./kobayashi_momoka/小林桃華/なちゅもも とっておきの未公開秘蔵映像
キラももChan,小林桃華,,./kobayashi_momoka/小林桃華/キラももChan
ピュア・スマイル,新原里彩,,./niihara_risa/新原里彩/ピュア・スマイル
ひかりのしずく,真野しずく,,./mano_shizuku/真野しずく/ひかりのしずく
Sugar Drop,真野しずく,,./mano_shizuku/真野しずく/Sugar Drop
初写,久川美佳,,./hisakawa_mika/久川美佳/初写
初めてのChu,久川美佳,,./hisakawa_mika/久川美佳/初めてのChu
夏少女 Part2,久川美佳,,./hisakawa_mika/久川美佳/夏少女 Part2
天真爛漫,久川美佳,,./hisakawa_mika/久川美佳/天真爛漫
ふたり。,久川美佳,,./hisakawa_mika/久川美佳/ふたり。
Cutie Berry 15歳,小林架純,,./kobayashi_kasumi/小林架純/Cutie Berry 15歳
かすみこれくしょん,小林架純,,./kobayashi_kasumi/小林架純/かすみこれくしょん
美少女サプリ,小林架純,,./kobayashi_kasumi/小林架純/美少女サプリ
渋谷区立原宿ファッション女学院 番外編 ソロイメージ 花沢あい 2,花沢あい,,./hanazawa_ai/花沢あい/渋谷区立原宿ファッション女学院 番外編 ソロイメージ 花沢あい 2
あい LOVE YOU,花沢あい,,./hanazawa_ai/花沢あい/あい LOVE YOU
Flower Garden,西野華,,./nishino_hana/西野華/Flower Garden
Flower Party,西野華,,./nishino_hana/西野華/Flower Party
のぞみのリクエスト,星野希,,./hoshino_nozomi/星野希/のぞみのリクエスト
のぞみどーり!,星野希,,./hoshino_nozomi/星野希/のぞみどーり!
ぷにぷに あきはばらさいきょうJSびしょうじょ,猫みみ,,./neko_mimi/猫みみ/ぷにぷに あきはばらさいきょうJSびしょうじょ
きらきらLAND,長島きらら,,./nagashima_kirara/長島きらら/きらきらLAND
Cutie Smile きらきらきらら,長島きらら,,./nagashima_kirara/長島きらら/Cutie Smile きらきらきらら
きらきらレボリューション,長島きらら,,./nagashima_kirara/長島きらら/きらきらレボリューション
いわゆるひとつのきらら,長島きらら,,./nagashima_kirara/長島きらら/いわゆるひとつのきらら
制服ニーハイ,三浦璃那,,./miura_runa/三浦璃那/制服ニーハイ
ピース学院 中等部物語 学校編 第1巻,三花愛良,,./mihana_aira/三花愛良/ピース学院 中等部物語 学校編 第1巻
エンジェルキュホワイトシリーズ VOL.6 水波メイカ,水波メイカ,,./mizunami_meika/水波メイカ/エンジェルキュホワイトシリーズ VOL.6 水波メイカ
すみれの花が咲く頃に,河合すみれ,,./kawai_sumire/河合すみれ/すみれの花が咲く頃に
すみれの花物語,河合すみれ,,./kawai_sumire/河合すみれ/すみれの花物語
高校1年生@クレープ,芹沢南,,./serizawa_minami/芹沢南/高校1年生@クレープ
えりか100%,笠井恵利香,,./kasai_erika/笠井恵利香/えりか100%
たっぷり Part2 金子美穂 11歳,金子美穂,,./kaneko_miho/金子美穂/たっぷり Part2 金子美穂 11歳
たっぷり Part2 椎名もも,椎名もも,,./shiina_momo/椎名もも/たっぷり Part2 椎名もも
たっぷり 椎名もも,椎名もも,,./shiina_momo/椎名もも/たっぷり 椎名もも
FRUITY HIP,神崎美優,,./kanzaki_miyuu/神崎美優/FRUITY HIP
Cuteな彼女,中井ゆかり,,./nakai_yukari/中井ゆかり/Cuteな彼女
Cuteな彼女,藤松みく,,./fujimatsu_miku/藤松みく/Cuteな彼女
ずーっと見てニャン,五城せのん,,./gojo_senon/五城せのん/ずーっと見てニャン
透明美少女,五城せのん,,./gojo_senon/五城せのん/透明美少女
ラブリースマイル,五城せのん,,./gojo_senon/五城せのん/ラブリースマイル
純粋少女JC 〜中 学 生 14才のいもうと〜,来生かほ,,./kizuki_kaho/来生かほ/純粋少女JC 〜中 学 生 14才のいもうと〜
じゅーしぃーJC 〜まっしろな14才のキミに〜,来生かほ,,./kizuki_kaho/来生かほ/じゅーしぃーJC 〜まっしろな14才のキミに〜
レンナレンナレンナ,南蓮菜,,./minami_renna/南蓮菜/レンナレンナレンナ
ノッてる! さきちゃん,中村早希,,./nakamura_saki/中村早希/ノッてる! さきちゃん
ビューティーさき,中村早希,,./nakamura_saki/中村早希/ビューティーさき
Dance with さきちゃん,中村早希,,./nakamura_saki/中村早希/Dance with さきちゃん
走れ! さきちゃん,中村早希,,./nakamura_saki/中村早希/走れ! さきちゃん
先取り! さきちゃん,中村早希,,./nakamura_saki/中村早希/先取り! さきちゃん
クラスのセンター!!!,青井こはる,,./aoi_koharu/青井こはる/クラスのセンター!!!
Cuteな彼女,藤村みゆ,,./fujimura_miyu/藤村みゆ/Cuteな彼女
Cuteな彼女,涼川夏飛,,./suzukawa_natsuhi/涼川夏飛/Cuteな彼女
Cuteな彼女,有岡ゆい,,./arioka_yui/有岡ゆい/Cuteな彼女
Cuteな彼女 2,有岡ゆい,,./arioka_yui/有岡ゆい/Cuteな彼女 2
Cuteな彼女,藤宮えりか,,./fujimiya_erika/藤宮えりか/Cuteな彼女
沙絵motion,赤坂沙絵,,./akasaka_sae/赤坂沙絵/沙絵motion
萌のレシピ,早乙女萌,,./saotome_moe/早乙女萌/萌のレシピ
クラスメイト,中沢ひめか,,./nakazawa_himeka/中沢ひめか/クラスメイト
はじめましての詩,岡詩乃,,./oka_utano/岡詩乃/はじめましての詩
あるばむ,星野美憂,,./hoshino_miyuu/星野美憂/あるばむ
たっぷり あや Part 8,黒宮あや,,./kuromiya_aya/黒宮あや/たっぷり あや Part 8
ニーハイコレクション 〜絶対領域〜 黒宮あや Part 2,黒宮あや,,./kuromiya_aya/黒宮あや/ニーハイコレクション 〜絶対領域〜 黒宮あや Part 2
たっぷり スペシャル レオタード編 まりあ,まりあ,,./maria/まりあ/たっぷり スペシャル レオタード編 まりあ
Innocence,まりあ,,./maria/まりあ/Innocence
たっぷり 詩宮妃乃,詩宮妃乃,,./shinomiya_hino/詩宮妃乃/たっぷり 詩宮妃乃
ひかりのガールフレンド,夏風ひかり,,./natsukaze_hikari/夏風ひかり/ひかりのガールフレンド
チルチル Vol.38 ティアラちゃん,ティアラ,,./tiara/ティアラ/チルチル Vol.38 ティアラちゃん
チルチル Vol.44 ひなちゃん,ひな,,./hina/ひな/チルチル Vol.44 ひなちゃん
Noah 16,日美野梓,,./hibino_azusa/日美野梓/Noah 16
ちるちる No.11 さくらちゃん,さくら,,./sakura/さくら/ちるちる No.11 さくらちゃん
クラスのセンター!!! 清水ちか 4,清水ちか,,./shimizu_chika/清水ちか/クラスのセンター!!! 清水ちか 4
キャンディドールコレクション,ローラB,,./lora_b/ローラB/キャンディドールコレクション
